category;name;latitude;longitude
Hotel;Jezero Jelah recreational;44.668035;17.966919
Mosque;Mesdžid Samci Salakici;44.693522;17.925577
Mosque;Rafik Hasak's Mosque;44.693094;17.93283
Mosque;Mesdžid Lipe;44.692147;17.943902
Store;Store SA;44.697304;17.940642
Mosque;Mesdžid Hrustičke;44.682292;17.946989
Church;Kapela Saint Vida Netača;44.688301;17.955918
Store;"Store ""M&M""";44.702125;17.937338
Church;Crkva svetog nikole Tavelića;44.711061;17.954717
Café;Discoteque Bejići;44.699255;17.975828
Store;"""Konzum"" Sivša";44.695627;17.980295
Church;Sivša, Churche Svetog Ante Padovanskog;44.69459;17.980552
Post Office;Hrvatska pošta d.o.o. Mostar;44.690685;17.97476
Store;"Store ""Gašo""";44.705903;18.014588
Police Station;Usora, Police Station;44.68745;17.986002
Church;Church  svetog Ilije;44.706272;18.016687
Mosque;Kuwajt Mosque;44.695716;18.050506
Post Office;BH Post Office;44.692391;18.04956
Bank;Raiffesien Bank;44.691539;18.033981
Bank;Sber Bank;44.689312;18.030376
Restaurant;Restoran Ušo;44.68202;18.025999
Mosque;Mosque Salihija;44.688638;18.048271
Mosque;Džamija Kraševo;44.682862;18.038446
Church;Chapel Marvići;44.673522;18.056296
Mosque;Mosque Mrvići;44.673246;18.058913
Mosque;Mosque Tešanjka;44.674592;18.018148
Recreation;Poligon Lepenica Recreation;44.66855;18.02986
Mosque;Mosque Šije Donje Polje;44.658625;18.075827
Store;Store Refik;44.647455;18.061789
Mosque;Central Mosque, Šije;44.64667;18.056374
Recreation;Aquapark Šije;44.647035;18.073196
Store;Store Kruško;44.645479;18.051267
Restaurant;Ribarska kuća Šije;44.641781;18.082163
Mosque;Mosque Šije;44.644133;18.083323
Sports Center;Foodball courtyard;44.643583;18.088089
Store;"Supermarket ""Tanja""";44.630058;18.088949
Primary School;Elementary school Ozren;44.616737;18.104868
Store;Market kod Ćupe;44.599814;18.088131
Restaurant;Restaurant Oaza;44.596667;18.090234
Mosque;Nova mosque;44.596117;18.085985
Primary School;First Elemetary school;44.593428;18.088088
Primary School;Područna elementary school Ravna;44.583647;18.055971
Store;Store DADA;44.576953;18.060048
Mosque;Mosque Karadaglije-Koprivci-Oruče;44.576005;18.021982
Primary School;Elementary school Gazi Fehrat beg;44.587804;18.022457
School;Mekteb Roše;44.58374;18.00782
Recreation;Kiseljak Recreation;44.570442;18.001985
Mosque;Mosque Dobropolje;44.594402;17.992412
Mosque;Mosque Kotlanice;44.59905;17.976492
Restaurant;Restaurant Lovačka Priča;44.606382;17.98628
Restaurant;Restaurant Rafaelo;44.608918;17.987397
Hospital;General Hospital;44.61069;17.989201
Primary School;"Primary school ""Huso Hodžic""";44.609804;17.987784
Police Station;Police station tešanj;44.606963;17.986151
Secondary School;"Secondary school ""Mjesovita srednja skola"" Tesanj";44.606078;17.978726
Mosque;Mosque Raduška;44.609929;17.964004
Training;Training center CNC maschine;44.60614;17.978767
Café;Cafe bar Adela;44.611852;17.987564
Municipality;Municipality Tešanj;44.613624;17.986148
Library;general library Tešanj;44.611822;17.986877
Secondary School;"Secondary school ""Gimnazija Musa Ćazim Ćatić""";44.605895;17.978638
Museum;Museum Emanagića Konak;44.616496;17.989153
Playground;Stadion Ravne, playground;44.614663;17.977093
Mosque;Mosque Avdipašina džamija;44.617687;17.991514
Radio;Radio i TV tešanj;44.61396;17.987049
Primary School;"Elementary school ""Rešad Kadić""";44.621048;17.98632
Store;Store Bingo;44.624957;17.999411
School;School PPU Evlad;44.623858;17.982114
Center for Elderly;Center for elderly education;44.617504;17.991512
Restaurant;Ukus restaurant;44.624621;17.99984
Restaurant;Restaurant Haustor;44.613938;17.987478
Mosque;Mosque Harman;44.617909;17.990783
Store;Store Madi;44.621803;17.994732
Store;Adi market store;44.616992;17.991405
Bus station;Bus station;44.616076;17.992156
Mosque;Kutahya mosque;44.623846;17.981327
Store;"Store ""subasic""";44.622212;17.982078
Store;Supermarket SAN;44.640338;17.970362
Mosque;Mosque Vukovo;44.645132;17.975619
Café;Marshall Pub Staropramen;44.652078;17.96444
Historical Site;Memorial killed soldiers Jelah;44.654596;17.957852
Mosque;Mosque Mrčaj;44.650658;17.946394
Secondary School;"Secondary school ""Tehnička škola""";44.607376;17.978275
Primary School;Dnevni centar za djecu i odrasle sa posenim potrebama;44.609083;17.987113
Primary School;Šareni Mekteb;44.613601;17.986426
Primary School;Elementary school Područna osnovna škola 9.septembar Medakovo;44.625619;18.042051
Primary School;Elementary school Trepče;44.639438;18.014669
Primary School;Stari Miljanovci, Elementary school;44.688675;17.928373
Primary School;Područna osnovna škola Mustafa Mulić;44.646957;18.058785
Primary School;Doboj South, Osnovna škola Mustafa Mulić;44.66515;18.070824
Primary School;Doboj South,Osnovna škola 21. mart;44.666618;18.067391
Primary School;"Osnovna škola ""Kulin Ban""";44.676648;18.011576
Health Center;DZ Tesanj, dom zdravlja sa poliklinikom  «Izudin Mulabećirović-Izo» ;44.609267;17.989056
Hospital;Hitna Pomoć Tešanj;44.608618;17.98898
Hospital;Ambulanta Šije;44.661386;18.069445
Hospital;Ambulanta Jelah;44.652958;17.950401
Fire Station;Dobrovoljno vatrogasno društvo jelah;44.653469;17.951034
Employment Bureau;Employment bureo, Tešanj;44.615163;17.991309
Utility Company - Electricity;Electric utility ;44.614751;17.990601
Mosque;Dibekhana mosque;44.612574;17.986159
Court;Municipal court TEšanj;44.619616;17.990187
Pharmacy;Pharmacy Violapharm;44.625036;17.99933
Pharmacy;Pharmacy Viola;44.617217;17.991689
Pharmacy;Pharmacy Tefram;44.617548;17.98625
Pharmacy;Pharmacy Jealhpharm;44.657617;17.96015
Pharmacy;Pharmacy Mint pharm;44.615593;17.98522
Heating Station;Toplane Tešanj;44.621195;17.997577
Sports Center;Sportsko rekreacioni centar Tešanj;44.605836;17.979676
Radio;JP Rad;44.605981;17.985212
Radio;"NK ""TOŠK"" Tešanj, city stadion";44.605691;17.984021
Employment Bureau;Služba za zapošljavanje, Tešanj;44.623724;17.989575
Restaurant;Restoran Šadrvan;44.654967;17.958961
Mosque;Mosque Sulejmanija;44.653067;17.96115
Church;Crkva svetog Ivana Krstitelja;44.651838;17.95689
Cultural Center;Centar za kulturu i obrazovanje;44.612964;17.987036
Theather;Bosansko narodno pozorište Tešanj;44.612964;17.987036
Fire Station;Vatrogasni dom;44.61944;17.99081
CSW;Centar za socijalni rad, SWC;44.613165;17.990139
Park;Staza zdravlja Mrkotić;44.637584;17.9022
Park;Jelaški park;44.661043;17.962328
Elderly Home;"Private Elderly home ""SIRA Dom""";44.653665;18.04366
Primary School;Osnovna škola “1.mart” Jelah;44.656241;17.9639
Primary School;Osnovna škola „Kulin ban“, područna škola Kraševo;44.672883;18.011682
Primary School;Osnovna škola „Kulin ban“, područna škola Lepenica;44.672875;18.011629
Primary School;Osnovna škola „Džemal Bijedić“;44.68642;17.930013
Primary School;Osnovna škola „Džemal Bijedić“, područna škola;44.677004;17.925505
Primary School;Osnovna škola “Abdulvehab Ilhamija”;44.648552;17.906232
Library;JU Opća biblioteka;44.611551;17.987005
NGO;TRA Tešanj Development Agency;44.612807;17.986275
Employment Bureau;Federalni zavod PIO;44.426237;18.038177
Municipality;Opština Nevesinje - Municipality;43.25569;18.11107
Court;Osnovni sud - Court;43.26007;18.11536
Police Station;Policijska stanica Nevesinje - Police Station;43.26079;18.11545
Post Office;Pošte RS PJ Nevesinje - Post Office;43.25904;18.11334
Telecom;Mtel a.d. Banja Luka PJ Nevesinje - Telecom;43.25769;18.11233
Hospital;Opšta bolnica Nevesinje - Hospital;43.26157;18.11433
Health Center;Dom zdravlja - Health Centre;43.26105;18.11485
Employment Bureau;Zavod za zapošljavanje RS - Employment bureau  ;43.25785;18.11391
Secondary School;Srednjoškolski centar Aleksa Šantić - Secondary school;43.25684;18.11502
Primary School;"Osnovna škola ""Risto Proroković"" - Primary school";43.25618;18.11494
Primary School;Osnovna škola, Područno odjeljenje  Kifino selo - Primary area school;43.28446;18.20513
Kindergarden;Vrtić Sveta Evgenija carica Milica - Kindergarten;43.25537;18.11716
Sports Center;Sportska dvorana - Sports centre/hall;43.25599;18.11596
Stadium;Gradski stadion Nevesinje - City stadium;43.25733;18.11234
Cultural Center;Dom kulture Nebojša Glogovac- Culture centre;43.25806;18.11453
Bus station;Autobuska stanica - Bus station (Kilavci bb);43.25498;18.11908
Mosque;Sinan Kadi efendijina džamija ;43.25732;18.11133
Mosque;Džamija Donja Bijenja (Čelebića džamija);43.33703;18.16102
Mosque;Džamija Kljuna - Kljuna Mosque;43.39104;18.11523
Mosque;Džamija Kruševljani;43.44117;18.15216
Mosque;Džamija Presjeka;43.3944;18.13299
Mosque;Džamija Borovčići;43.4205;18.1271
Mosque;Džamija Sopilja ;43.33609;18.0895
Mosque;Mešdžid u Postoljanima;43.31925;18.17472
Church;Crkva Mileševka, Luka  - Orthodoks Church;43.44024;18.13246
Church;Crkva Vaznesenja Gospodnjeg - Orthodox Church;43.25732;18.11254
Church;Crkva Svetog Georgija-Vjenčac -  - Orthodox Church;43.25395;18.11432
Church;Hram Svete Trojice, Kifino Selo  -  - Orthodox Church;43.27534;18.19527
Church;Crkva Uznesenja Blažene Djevice Marije  – Catholic Church;43.26061;18.11455
Bank;Addiko bank;43.25843;18.11378
Bank;Unicredit BL - Bank;43.25754;18.11254
Company;Wiener osiguranje - Insurance provate company;43.25767;18.11249
Pharmacy;Gradska apoteka - City pharmacy ;43.25849;18.11355
Bakery;Gradska pekara - City Bakery;43.2577;18.11367
Café;Cafe restaurant Trium;43.25451;18.11031
Café;Kafe bar King;43.25478;18.11108
Café;"Kafe ""Đuro""";43.25625;18.11045
Café;BEER PUB;43.25666;18.11142
Café;Metropolitan cafe;43.25681;18.11209
Café;Rakija bar;43.2569;18.11171
Restaurant;Nevesinje restoran;43.25454;18.11034
Store;BMD. dd Rašović Supermarket;43.25734;18.11069
Café;Odessa caffe;43.25723;18.11255
Historical Site;Sahat-kula - hystoric/cultural site;43.25785;18.11278
Café;Korzo cafe;43.2573;18.11176
Hotel;Kafana jedno mjesto - Inn;43.25685;18.11234
Shop;"TP ""Velež""-poslovni objekat, tržni centar";43.25739;18.11196
Café;Leonardo cafe;43.25765;18.112
Café;"Kaffe bar ""EX""";43.25759;18.11219
Café;"Caffe bar ""XL""";43.2576;18.11238
Restaurant;Roštiljnica GURMAN - Grill;43.25779;18.11199
Café;Boem bar;43.25773;18.11352
Café;"Play Station igraonica ""MIKE""";43.25784;18.11418
Café;Kafe bar Klub;43.25814;18.11404
Café;Kafe bar Derbi;43.25843;18.11319
Shop;Prodavnica i mesara BM - shop and butcher;43.25862;18.11369
Pharmacy;Medika Kapor, apoteka - pharmacy;43.2587;18.11269
Shop;Golf komerc doo, prodavnica tehnike - shop/appliances;43.25909;18.11412
Shop;Poljoprivredna apoteka - Agruculture supplies;43.25909;18.1143
NGO;EKI - Micro credit organisation;43.25686;18.11592
Café;Caffe restaurant Atrium;43.25719;18.11585
Gas station;Nestro, benzinska pumpa - Filling station;43.25626;18.11703
Restaurant;Restoran pansion Stadion;43.25655;18.1172
Historical Site;Partizansko spomen groblje - Memorial ;43.25453;18.11803
Gas station;ZiC kompanija, benzinska pumpa - filling station;43.25584;18.11863
Hotel;Prenoćište Nevesinje - Pansion;43.25442;18.11954
Pharmacy;Viva-Medika, apoteka - Pharmacy;43.26025;18.11536
Restaurant;Restoran Beograd;43.26029;18.11537
Shop;Zoki, dragstor - shop;43.26047;18.11503
Restaurant;Restoran Nevesinje;43.26244;18.11522
Shop;Aurora doo-Skladište - building materials store;43.26303;18.11557
Store;BMD. od Rašović Supermarket;43.26483;18.1138
Store;BMD.od Rašović Supermarket;43.25407;18.11982
Shop;Trgovačka radnja Kilavci - shop;43.25379;18.11957
Shop;S.T.R Kod Mitra - Shop;43.25347;18.11955
Café;Caffe bar Stela;43.25256;18.1213
Shop;Tehnometal-furniture shop;43.25151;18.1228
Hotel;"Svadbeni salon i prenoćište ""Milanović"" - Pansion/weddings facility";43.24974;18.12016
Café;"Kafe bar ""Kod Joca""";43.24974;18.12531
Store;Golf komerc doo, supermarket;43.24886;18.12672
Shop;Poljooprema - Shop, Agriculture equipment/items;43.24797;18.12673
Café;Kafe bar Pajo;43.25478;18.12208
Shop;Medium grupa, prodavnica - shop;43.25536;18.12368
Hotel;Apartmani Nevesinje;43.26281;18.11932
Restaurant;Luka Nevesinje Duka Aleksandar, restoran;43.4421;18.11849
Sports Center;Bratački lug-Nevesinjska olimpijada, trkalište - Racecourse;43.25739;18.19992
Shop;Dijamant, autopraonica - carwash;43.25467;18.12505
Café;Caffe Dijamant;43.25464;18.12488
Café;"Dikoteka ""Korzo 2"" - disco";43.25621;18.13512
Shop;Dodra, prodavnica - shop;43.25625;18.13359
Restaurant;"Restoran ""Bukvica""";43.24195;18.14133
Restaurant;Restoran Bišina;43.24749;18.08345
Hotel;Svadbeni salon Stefan - weddings facility;43.24907;18.12705
Restaurant;Restoran Kifino Selo;43.28307;18.20859
Restaurant;Restoran Drenovik;43.28196;18.20785
Historical Site;Nekropola sa stećcima Kalufi - Necropolis of stećak tombstones;43.31328;18.19666
Primary School;Stara područna škola Lipno;43.2689;17.548269
Primary School;Osnovna škola Tin Ujević;43.247967;17.481624
Primary School;Područna škola Vašarovići;43.210007;17.472208
Primary School;Područna škola Prolog;43.183727;17.455402
Primary School;Područna škola Crveni Grm;43.176477;17.482686
Primary School;Osnovna škola Ivane Brnić Mažuranić;43.185857;17.526786
Secondary School;Gimnazija Ljubuški, secondary school;43.192265;17.538643
High School;Srednja strukovna škola Rođer Bošković;43.193642;17.538129
Kindergarden;Dječiji vrtić Sv. Josip, preschool;43.192659;17.544695
Primary School;Osnovna škola Marka Marulića;43.196664;17.543879
Kindergarden;Dječiji vrtić Jelenko;43.198323;17.541862
Primary School;Glazbena škola Ljubuški;43.199887;17.546798
Primary School;Područna škola Studenci;43.170408;17.615978
Primary School;Područna osnovna škola Marka Marulića;43.19018;17.650211
Primary School;Edukacijsko rehabilitacijski centar za djecu, mlade i odrasle;43.200171;17.546722
Church;Crkva sv. Leopolda Mandića;43.201431;17.614905
Church;Crkva sv.Klare;43.128947;17.566129
Church;Crkva sv. Ivana Krstitelja;43.175391;17.480257
Restaurant;Restaurant Oaza-Bino;43.168498;17.475257
Restaurant;Vodopad Koćuša Veljaci, restourant;43.212853;17.503103
Mosque;Džamija Gradska;43.220049;17.57217
Church;Church of saint Joseph the Worker;43.284056;17.520532
Café;Cafe bar Duvan;43.286681;17.521819
Church;Crkva sv. Stjepana;43.159029;17.551701
Restaurant;Čevaljuša Mandića Jaz, restaurant;43.169203;17.554812
Church;Crkva sv.Ante, Humac;43.184612;17.533908
Church;Trg Svetog Ante;43.185316;17.534476
Elderly Home;Starački dom Ljubuški, Bučine;43.184187;17.543161
Café;Mediteraneo cafe pizzeria;43.187997;17.538999
Store;Mabo, Grocery store;43.18786;17.539787
Restaurant;Motel Most, Restaurant;43.183206;17.523006
Restaurant;Čiko restoran Bašćina;43.180507;17.528027
Primary School;Područna škola Klobuk;43.276199;17.446742
Café;Cafe pizzeria Ižić;43.279355;17.446055
Church;Crkva Blažene Djevice Marije;43.261471;17.557124
Café;Mravinjak, cafe;43.190057;17.507617
Elderly Home;Dom sv. Josip Radnik;43.179308;17.543385
Restaurant;Kupalište Bililo;43.17815;17.528365
Café;Etno bar Zega;43.180153;17.52815
Restaurant;Ljubuški, Bago seafood restaurant;43.181827;17.52021
Sports Center;Sportska dvorana Ljubuški;43.191543;17.537484
Café;Cafe bar Royal;43.188086;17.540875
Café;Cafe bar Bambus;43.191637;17.539952
Café;Republic bar;43.192373;17.5386
Bank;UniCredit Bank;43.1894;17.54463
Store;Konzum;43.188555;17.543771
Store;Maks market;43.188778;17.544833
Pharmacy;Pharmacy H-plus;43.190976;17.535521
Utility Company - Electricity;Elektroprivreda;43.191508;17.542581
Store;Supermarket Planićić;43.192844;17.543095
Café;Caffe bar Sport;43.194181;17.541743
Café;Mini Mall Supermarket;43.194826;17.542988
Radio;Radio Ljubuški;43.195276;17.54384
Park;Gradski park;43.19607;17.545043
Bank;Raiffeisen BANK;43.196492;17.545461
Movie theather;Kinodvorana Ljubuški;43.196457;17.54545
Café;Caffe&Tratoria TOSCANA;43.19684;17.54582
Café;Biffe Kod Omera;43.196778;17.545263
Bank;UniCredit Bank;43.197005;17.546352
Pharmacy;Ljekarna Grad;43.197181;17.546968
Restaurant;Buregdžinica Besim;43.197173;17.546759
Court;Municipal court;43.197251;17.54566
Municipality;Municipality of Ljubuški;43.19763;17.546051
Café;History cafe;43.197838;17.545863
Restaurant;ABC Restoran;43.197509;17.545112
Police Station;Ljubuški Police Station;43.198045;17.545027
Bank;Intesa Sanpaolo Banka;43.198006;17.546507
Park;Trg domovinske zahvalnosti;43.197556;17.545568
Market;Tržnica Ljubuški;43.198209;17.546089
Bank;Addiko bank;43.198299;17.54559
Church;Crkva svete Kate;43.198777;17.547033
Bank;NLB Banka;43.199403;17.546625
Restaurant;Restaurant Stela;43.199069;17.547628
Café;Caffe Slastičarna Golden Days;43.198959;17.547926
Bus station;Ljubuški Bus Station;43.19831;17.549262
Sports Center;Kulturno Športski Centar Ljubuški;43.198586;17.548277
Mosque;Mesdžid Pobrišće;43.199383;17.549774
Post Office;Hrvatska pošta;43.199475;17.548073
Market;Namex 18, Supermarket;43.217192;17.453467
Church;Crkva Gospe od Zdravlja;43.236684;17.446391
Restaurant;Konoba Koćuša;43.246806;17.455489
Restaurant;Restoran Avantgarde;43.192755;17.550852
Stadium;Stadion Babovac;43.195415;17.551592
Market;Robot shopping mall;43.193788;17.567858
Store;Trgovina IVA;43.190506;17.549747
Church;Crkva sv. Jure;43.201284;17.564039
Health Center;Dom zdravlja Ljubuški;43.19513;17.545107
Pharmacy;Ljekarna Matić;43.195497;17.544506
Church;Crkva sv. Nikole Tavelica;43.228732;17.538016
Church;Saint Stephen Catholic Church;43.146305;17.622469
Historical Site;Mala Kravica, national reserve;43.152346;17.618687
Park;Kravica Waterfall;43.156506;17.60889
Post Office;Hrvatska pošta d.o.o. Mostar;43.158439;17.60809
Café;TerraEro, cafe;43.159519;17.606988
Church;Church and Shrine of the Sacred Heart;43.16162;17.638291
Restaurant;Kod Džona;43.155152;17.637434
Restaurant;Restoran Plava 10;43.153305;17.637681
Church;All Saints Catholic Church;43.14033;17.601762
Church;Crkva Srca Isusova u Šipovači;43.257176;17.391587
Library;Hrvatska knjižnica Ljubuški;43.197828;17.545043
Museum;Muzej Humac;43.184449;17.534316
Mosque;Džamija Ali-Bega Kapetanovića;43.236593;17.48564
Mosque;Džamija Žabljak;43.202451;17.548713
Park;Vrelo Vrioštice Vitina;43.237839;17.485998
Park;Kocusa Waterfall;43.249424;17.452096
Municipality;Opština Laktaši - Muncipality;44.90729;17.30296
Municipal Office;Municipal area office, МЈЕСНИ УРЕД ЛАКТАШИ Карађорђева 56, Municipality building;44.90731;17.30272
Fire Station;Dobrovoljno vatrogasno društvo - Voluntary fire brigade Laktaši, Немањина бб;44.90809;17.30637
Health Center;"Dom zdravlja ""Dr. Mladen Stojanović"" - Health centre";44.90624;17.30363
Hospital;Ambulanta Porodične medicine, Trn - Regional Ambulance Trn;44.85178;17.23938
Kindergarden;"Centar za predškolsko vaspitanje i obrazovanje (Mladena Stojanovića 3, Laktaši), Obdanište ""Princeza Katarina Karađorđević"" - Kindergarten";44.90611;17.29846
Cultural Center;Centar za kulturu i obrazovanje - Centre for culture and education;44.90767;17.3034
Library;Narodna biblioteka „Veselin Masleša“ - Library;44.90767;17.3034
Tourism Office;Turistička organizacija opštine Laktaši - Tourism Office;44.9085;17.29892
Sports Center;JU Sportska dvorana - Sports hall;44.90732;17.3081
Utility Company - Water;KP „Budućnost“ a.d. Laktaši - Utility company, water;44.90677;17.30132
Utility Company - Waste;KP „Komunalac“ a.d. Laktaši - Utility company, waste;44.90526;17.29775
Police Station;Laktaši Police Station;44.9058;17.30151
Bus station;Autobuska stanica - Bus station;44.90594;17.30094
Post Office;Pošte Srpske - Post Office;44.90539;17.29941
Primary School;Osnovna škola Mladen Stojanović, Primary school (Karađorđeva 105, Laktaši);44.91283;17.30524
Primary School;Područna škola/Regional primary school in Kriškovci (Kriškovci);44.93646;17.40414
Primary School;Osnovna škola Aleksandrovac - Primary school;44.96474;17.31644
Primary School;Osnovna škola ”Holandija” Slatina (Nikolaja Velimirovića 9, Slatina) - Primary school;44.82919;17.30777
Primary School;Područna škola Boškovići/Regional primary school in Boškovići ;44.85691;17.3586
Primary School;Osnovna škola ”Desanka Maksimović” Trn (Dositejeva, Trn) - Primary school;44.85249;17.23998
Primary School;Područna škola Desanka Maksimovič Glamočani/Regional primary school in Glamočani;44.87273;17.24891
Cultural Center;Kulturno umjetničko društvo “Slavko Mandić“, Laktaši Карађорђева бр.58, Лакташи, www.kudslavkomandic.com - Cultural association;44.90791;17.30308
Recreation;Terme Laktaši - Spa;44.90434;17.30232
Recreation;Banja  Slatina - Spa;44.82812;17.29833
Church;Crkva brvnara Malo blaško - The log church in Malo Blaško;44.85677;17.41853
Church;Italijanska crkva sv. Franje - Church;44.93281;17.28135
Church;Ukrajinska katolička crkva, Devetina  - Church;44.85694;17.41973
Church;Grčko-katolička crkva Uspenija Presvete Bogorodice  - Church;44.85666;17.41938
Church;Српска православна црква Светих цара Константина и царице Јеленец, Crkva Mrčevci  - Church;44.9769;17.34879
Church;Rimokatolička župa Sv. Ivan Krstitelj;44.96789;17.31711
Church;Hram Svetog Vasilija Ostroškog Čudotvorca;44.97706;17.30948
Church;Temple of Dormition of the Most Holy Mother of God, Храм Успења Пресвете Богородице;44.95068;17.31921
Church;Hram Vaskrsenja Hristovog  - Church;44.88356;17.25582
Church;Hram Uspenja Presvete Bogorodice  - Church;44.88318;17.33062
Church;Hram Svete Trojice  - Church;44.87094;17.29327
Church;Crkva Sv. Josipa  - Church;44.86061;17.23754
Church;Hram Rođenja Presvete Bogorodice  - Church;44.86253;17.23087
Church;Hram Rođenja Presvete Bogorodice  - Church;44.84001;17.29614
Church;Храм Светих Апостола Петра и Павла  - Church;44.82512;17.2975
Church;Grkokatolička crkva Jablan  - Church;44.86544;17.22695
Church;Temple of Holy Prophet Elijah, Црква Светог пророка Илије  - Church;44.88409;17.28891
Church;Hram Pokrova Presvete Bogorodice  - Church;44.90592;17.30289
Mosque;Džamija u Mahovljanima - Mosque;44.94163;17.3142
Sports Center;Sports hall in Aleksandrovac, SC Nenad Baštinac;44.96487;17.31596
Airport;Međunarodni aerodrom Banja Luka - International airport;44.93363;17.30379
Pharmacy;"Apoteka ""Pharmacia"" - Pharmacy";44.90653;17.30114
Pharmacy;Hemolek, apoteka - Pharmacy;44.90629;17.30347
Pharmacy;Hemolek - Pharmacy;44.96856;17.31754
Store;Poljoprivredna apoteka BioMaks - Agriculture supplies;44.97203;17.31689
Pharmacy;Hemolek - Pharmacy;44.87969;17.28443
Pharmacy;Crvena Apoteka - Pharmacy;44.85345;17.23698
Pharmacy;Vio Pharmacy 3 - Pharmacy;44.85231;17.23637
Pharmacy;Hemolek - Pharmacy;44.85178;17.23916
Veterinary;Veterinarska ambulanta One Health - Veterinary practice;44.90033;17.29926
Veterinary;MEDIVET veterinarska ambulanta -  Veterinary practice;44.8523;17.23633
Tax Office;ПОРЕСКА УПРАВА РЕПУБЛИКЕ СРПСКЕ ПЈ ЛАКТАШИ, Карађорђева бр. 48 - tax office;44.90579;17.30149
Court;ОСНОВНИ СУД БАЊА ЛУКА, КАНЦЕЛАРИЈА ЛАКТАШИ, Карађорђева бр.63 - Court;44.90685;17.30128
Property Records Office;РЕПУБЛИЧКА УПРАВА ЗА ГЕОДЕТСКО- ИМОВИНСКО ПРАВНЕ ПОСЛОВЕ ПЈ ЛАКТАШИ, Карађорђева бр.63 - Property recirds office;44.90685;17.30128
ID Documents Office;ЦИПС - Id documents office;44.90579;17.3015
Elderly Home;Nursing home Oaza mira (Nikole Pašića br.30, Trn-Laktaši 78252);44.84648;17.2387
Café;SOBRANIE KLUB;44.90511;17.29887
Café;Pekara Maletić - bakery;44.905;17.29898
Café;Žitopeka, pekara - bakery;44.90518;17.29942
Taxi;BB Taxi - prijevoz putnika Laktasi - taxi;44.90526;17.30028
Restaurant;De Lux, restoran - restaurant;44.90537;17.29985
Hotel;Hostel Banja Laktasi;44.90531;17.3009
Hairdresser;"Frizerski salon ""Milena"" - hairdresser";44.90558;17.30105
Café;Fortuna, caffe;44.90558;17.30001
Bank;Addiko Bank;44.9058;17.30003
Bank;Sberbank;44.90598;17.30025
Store;Moj Market, supermarket;44.9061;17.30035
Café;Bond, kafić - cafe;44.90614;17.30082
Café;Antic's picerija - pizza place;44.89617;17.29688
Café;Antic's ;44.89625;17.29681
Café;Kafe Miral;44.89698;17.29737
Café;Club Chikago;44.8985;17.29756
Car rental;Iznajmljivanje vozila - car rental;44.8986;17.29753
Store;Mercator BiH, prodavnica - shop;44.89876;17.29769
Store;Računarska Elektronika, prodavnica tehnike - shop electronics;44.89895;17.29751
Store;Konzum, prodavnica - shop;44.89911;17.29725
Car Shop;Auto servis Ford - Ford car service ;44.8968;17.3015
Car Shop;Auto Milovanović, prodavnica autodijelova - car parts shop;44.89933;17.29905
Store;Gajić, poljoprivredna apoteka - agriculture supplies;44.89967;17.29862
Store;Lukas Computers, prodavnica računarskog softvera;44.90185;17.29943
Store;Otvoreni bazeni Terme Laktasi, Stara banja Laktaši - Spa outdoor pools;44.90323;17.29948
Gas station;Nestro, benzinska pumpa - filling station;44.90322;17.29842
Exchange Office;Mjenjacnica A Laktasi - exchange office;44.90382;17.2985
Hotel;Hotel Million;44.90388;17.29833
Restaurant;БЕКОН / BEKON, restoran;44.90522;17.2985
Shop;cm-cosmetic market, prodavnica kozmetike - shop cosmetics;44.90583;17.30101
Café;Pekara Blagojević - bakery;44.90607;17.30121
Store;GSM Mobil, prodavnica tehnike - shop electronics;44.90626;17.30098
Gas station;Gazprom Gradiska, benzinska pumpa - filling station;44.90625;17.30121
Store;Rema Computers, prodavnica opreme za računare - computer equipment shop;44.9064;17.30145
Store;Didaco, prodavnica - shop;44.90646;17.30152
Café;Paradiso, caffe;44.90654;17.30147
Store;AVVA, prodavnica odjeće - clothes shop;44.90656;17.30165
Store;Butik Radana, prodavnica - clothes shop;44.90659;17.30188
Store;Bonatti, prodavnica odjeće - clothes shop;44.90665;17.30159
Bank;Komercijalna banka;44.90663;17.30219
Café;"Caffe ""Kostreš""";44.90646;17.30255
Store;Konzum, shop;44.90644;17.30278
Telecom;м:тел, Pružalac telekomunikacijskih usluga - telecom;44.90673;17.30133
NGO;EKI, mikrokreditna organizacija - microcredit organisation;44.90687;17.30144
Bank;UniCredit Bank BL;44.90696;17.301
Bank;Нова Банка - bank;44.90689;17.30249
Bank;UniCredit Bank;44.90684;17.30267
Bank;Raiffeisen BANK;44.90695;17.30252
Store;Kineska Prodavnica - shop;44.90691;17.30239
Bank;Komercijalna banka AD Banja Luka - bank;44.90689;17.30371
Restaurant;Intermeco, restoran;44.90683;17.30361
Restaurant;Mr.grill, restoran;44.90702;17.30159
Restaurant;Roštiljnica kod Remića - grill;44.90704;17.30154
Store;Cvijećara Kala - flower shop;44.90752;17.30235
Center for Education;Glossa - centar za njemački jezik - centre for Geramn language;44.9079;17.30306
Café;Kod Zuke, caffe;44.908;17.30283
Hairdresser;Frizerski salon Biljana Trišić - hairdresser;44.90856;17.3029
Store;Diskont Pića AJDARED, supermarket;44.90855;17.30369
Store;Borg, softverska kompanija - sofware comoany;44.90873;17.30331
Restaurant;Restoran M&R;44.90922;17.30416
Restaurant;Mir, prodavnica - shop;44.91082;17.3005
Store;Centrum Trade, prodavnica - shop;44.91136;17.30518
Restaurant;"Roštiljnica i mesnica ""Raca"" - grill";44.90807;17.30706
Factory;Čajavec FSU, tvornica automobila - factory;44.90919;17.3095
Store;Modni Studio, prodavnica odjeće - clothes shop;44.90588;17.3139
Restaurant;MILUN, restoran;44.90904;17.31292
Car Shop;Bob, Usluge završne obrade metala;44.91036;17.3135
Print Shop;GrafoMark, štamparija;44.91155;17.31292
Store;AlFeKON d.o.o., Prodavnica potrepština za vjenčanja;44.9115;17.31293
Café;Kafe bar PAUN;44.91269;17.31003
Car Shop;BOKI, Usluge prevoza automobilom;44.91277;17.30862
Store;Zorex Malo Prodaja, prodavnica kućnih potrepština;44.91312;17.30849
Restaurant;Stela Roštiljnica;44.91352;17.3078
Store;Ajdared, prodavnica;44.9167;17.30971
Funeral House;"Pogrebno ""Varnica"" Laktaši, pogrebno društvo - funeral service";44.91908;17.31199
Hotel;Vinarija Hostel Laktaši;44.91796;17.30657
Gas station;Tehnosint Group, Rafinerija nafte;44.91865;17.29572
Gas station;GLIGA Commerce Benzinska Stanica - filling station;44.89312;17.29471
Café;Pekara LEART;44.89232;17.29441
Transportation;BENZ d.o.o., usluge prijevoza;44.89199;17.29334
Car Shop;Auto Elektro Servis Buliga;44.89129;17.29448
Car Shop;Rent a car Polic;44.89101;17.2938
Café;Kubik, caffe;44.89003;17.29215
Store;krovni nosaci doo, prodavnica;44.89013;17.29271
Store;Darkwood kamini;44.88917;17.29172
Restaurant;Rostiljnica Delona;44.88832;17.2911
Café;XXL, caffe;44.88817;17.29166
Car Shop;Auto otpad Beli Rs;44.88567;17.2888
Restaurant;Rostiljnica VESNA;44.88509;17.2888
Car Shop;Auto otpad ŠUŠNJAR;44.88511;17.28849
Car Shop;Auto Servis i otpad ŠUŠNJAR;44.88459;17.28832
Restaurant;Pekara Gala;44.88315;17.28725
Restaurant;La Pont;44.88007;17.28447
Store;Tropic, supermarket;44.87982;17.28425
Gas station;Super Petrol, benzinska pumpa;44.87919;17.28337
Restaurant;Restoran Rodos kod Race;44.87966;17.28738
Car Shop;Auto otpad Maric;44.87949;17.28787
Restaurant;Konoba Rogic;44.87924;17.28731
Café;kafe bar Škorpion;44.87914;17.28777
Hairdresser;Dragana, frizerski salon;44.87896;17.28828
Café;Caffe 2M;44.87853;17.28945
Recreation;Moto Klub Škorpion;44.90464;17.33257
Café;Caffe Bakus;44.88285;17.30353
Saw Mill;SG Gradnja, pilana;44.88191;17.30014
Store;"Man Servis ""Agrosped"", prodavnica tehnike";44.87637;17.31143
Café;caffe Knez;44.87459;17.31643
Store;Fortuna, prodavnica;44.8775;17.28344
Store;Agromarket BiH;44.87734;17.27886
Restaurant;Kej, restoran;44.87232;17.28249
Gas station;Ćubić, benzinska pumpa;44.8704;17.27568
Car Shop;Cargorent, rent-a-car;44.87079;17.26716
Car Shop;Marketauto;44.87078;17.26665
Car Shop;Euromodus, prodavnica automobila;44.87068;17.267
Recreation;Paintball club Alpha;44.87058;17.26426
Store;Damb-Plast, prodavnica;44.87072;17.26229
Gas station;Belamionix, benzinska pumpa;44.87129;17.26097
Store;Autootpad Janjus;44.87193;17.25946
Restaurant;Picerija Restoran Moretti;44.86945;17.26066
Café;Gorštak zanatska pivara - Highlander Craft Brewery;44.86928;17.25985
Café;Kaffe Pink Glamocani;44.86888;17.25888
Car Shop;Kam i Bus d.o.o., trgovina kamiona;44.87004;17.25586
Bank;JM PREMIUM D.O.O. Bazeni i Wellness Banja Luka, prodavnica;44.87066;17.25385
Store;Kesten, prodavnica namještaja;44.87026;17.25241
Store;Robot, tržni centar;44.86938;17.25334
Store;Tehno centar, prodavnica;44.86899;17.25239
Gas station;Brcko gas - Volkswagen, prodavnica automobila;44.86841;17.25207
Store;Unitehna, prodavnica;44.86704;17.24984
Store;Interstil, prodavnica;44.86728;17.24928
Café;Konoba Tri Kace kod Grge;44.86864;17.24657
Gas station;DUJAKOVIĆ Company, benzinska pumpa;44.86574;17.25375
Wedding Palace;Svadbeni Salon Lukas;44.86567;17.25407
Store;Savića Dućan;44.86507;17.2519
Café;Caffe Bar Rally;44.86396;17.24963
Café;Grmec, caffe;44.863;17.2489
Restaurant;Au, restoran;44.86232;17.24703
Car Shop;Janjos Auto-otpad;44.86352;17.24505
Car Shop;AGIĆ COMPANY D.O.O., Usluge prevoza automobilom;44.86223;17.24554
Car Shop;Samouslužna autopraonica TRN;44.86123;17.24556
Park;Igraonica Bubamara - playroom;44.86035;17.24514
Car Shop;"Autopraonica ""Deluxe""";44.85878;17.24294
Store;Knežević Entering, prodavnica;44.85859;17.24201
Café;"Caffe bar ""NEW OAZA""";44.85858;17.24319
Restaurant;Ajd da probamo, restoran;44.85826;17.24274
Store;MIS Glas, prodavnica;44.85733;17.24284
Store;Unicoop Home, prodavnica;44.85657;17.24128
Store;Slatka kuća, prodavnica;44.85648;17.24086
Store;Profuture Doo, shop;44.85653;17.24019
Store;"Diskont pića ""S"", shop";44.85606;17.23972
Gas station;Istrabenz Plin, pumpa;44.85571;17.23916
Store;Butik Orhideja;44.8595;17.23958
Store;Diskont King, supermarket;44.85885;17.23826
Store;Bojela , HTZ oprema, shop;44.86023;17.23821
Store;Bojela - HTZ oprema;44.86198;17.23664
Store;Zoka, supermarket;44.85826;17.23866
Store;Alurol, prodavnica;44.8552;17.2424
Car Shop;Auto servis Palalić;44.85438;17.24482
Store;Radionica FOR YOU, shop;44.85333;17.24435
Gas station;GP, pumpa;44.8552;17.23807
Store;Start D, shop;44.85482;17.2382
Café;Sport klub, caffe;44.85433;17.23857
Café;Caffe Slasticarna Dandi;44.85368;17.23857
Sports Center;FK Sloga - football club;44.85293;17.23854
Post Office;Pošte Srpske;44.85358;17.23761
Car Shop;Rent a car Kubik AS;44.85721;17.23384
Car Shop;Car restoran;44.8527;17.23646
Store;REMA TRADE, shop;44.85301;17.23499
Store;MINI MARKET KEC;44.8515;17.2426
Store;Bella Seta d.o.o, shop;44.85201;17.23761
Restaurant;Konoba ŠMIT;44.85244;17.23704
Café;La Felicita, caffe;44.85225;17.23678
Restaurant;Koka Koka Trn, restoran;44.85189;17.2358
Store;COLOR CENTAR, tržni centar;44.85208;17.23535
Restaurant;SUR Carda, restoran;44.85177;17.23542
Store;First Step, shop;44.85168;17.23511
Car Shop;Samouslužna Autopraona;44.85156;17.23458
Store;TROPIC TRN, supermarket;44.85077;17.23518
Store;majkič DOO, shop;44.85149;17.23259
Café;Pingvin, slastičarna;44.85068;17.23348
Car Shop;Autopraona Pedja;44.85033;17.23415
Store;Drvex, shop;44.84983;17.23544
Hairdresser;Svadbeni salon Kruna;44.84993;17.23412
Store;Milco doo, shop;44.84905;17.23628
Café;Кафе бар КОШ / Caffe bar KOŠ;44.84823;17.2373
Restaurant;Roštiljnica Rogić;44.84814;17.23691
Café;Camel, caffe;44.84758;17.23765
Car Shop;NIS Petrol, pumpa;44.85011;17.23257
Bank;Sberbank;44.84933;17.23281
Gas station;NIS Petrol 2, pumpa;44.84989;17.23091
Café;Scandal, caffe;44.84925;17.23185
Restaurant;Житопека, pekara;44.84893;17.23243
Store;Veteks, prodavnica;44.84888;17.2316
Store;Elmat-S, prodavnica;44.84843;17.23179
Car rental;Rent a Car Kalin Banja Luka;44.84766;17.23083
Store;Vokel d.o.o., prodavnica keramike;44.84751;17.23112
Mosque;Kod Boška, mesnica;44.84754;17.23027
Store;Đurić MB, supermarket;44.84721;17.23107
Café;Vanjine Torte, slastičarna;44.84731;17.23281
Store;Konel, prodavnica;44.84717;17.23055
Café;•• ОСКАР ••, caffe;44.8469;17.23038
Store;Cvjećara „Una“;44.84688;17.2301
Car Shop;Truck Shop, prodavnica autodijelova;44.84693;17.23001
Store;Most Wanted Office, prodavnica odjeće;44.94431;17.3165
Store;Бензинскa пумпa ВИЦАНОВИЋ Company, ;44.94454;17.31782
Restaurant;Aleksandar & Aleksej, restoran;44.94593;17.31845
Car Shop;Autopraona Sjaj;44.94619;17.31834
Store;Agrocoop, prodavnica;44.95458;17.31554
Café;OKEI, caffe;44.96377;17.31784
Car Shop;"Auto Praona ""DJURDJEVIC""";44.96393;17.31782
Car Shop;Auto Praona DDM;44.96536;17.31792
Café;Caffe pizzerija Venezia;44.96773;17.31743
Café;Afrodita, caffe;44.96791;17.31798
Café;Vulkanizer Praona KEL;44.96884;17.31726
Car Shop;Autoservis Vujmilovic;44.97069;17.31696
Restaurant;Restoran Mira;44.97097;17.3168
Café;"Caffe Pizzeria ""Jabuka""";44.97152;17.3168
Café;Danesi, caffe;44.86883;17.3017
Gas station;Đukić Oil, benzinska pumpa;44.86718;17.30699
Café;caffe Knez;44.8747;17.31638
Gas station;Nestro, benzinska pumpa;44.87221;17.33214
Park;Djecija igraonica Macak Pero - Playroom;44.90627;17.29885
Recreation;Moto Staza Zalužani - Moto trail;44.85372;17.22595
Dentist;"Стоматолошка амбуланта ""Belident"" Лакташи Марије Бурсаћ бр. 7 - Private dentist practice";44.9115;17.30452
Higher Education Institution;Visoka škola za informacione tehnologije, ekonomiju i preduzetništvo, Dositejeva br. 2, Trn – Laktaši - Higher education institution;44.850351;17.24386
Municipality;Municipality;43.95672;18.26702
Police Station;Police Station;43.95986;18.26646
Bus station;Bus Station;43.95934;18.26493
Primary School;Hašim Spahić Elementary School;43.96043;18.26856
Bank;BBI Banka;43.95969;18.26802
High School;High School Center Nedžad Ibrišimović;43.96074;18.26668
Store;Bingo Ilijaš;43.96283;18.26597
Post Office;Post office;43.95656;18.26651
Church;Ilijaš crkva svetog Ilije;43.95201;18.26545
Utility Company - Electricity;Javno preduzeće elektroprivreda;43.9502;18.26965
Primary School;"Osnovna škola ""Stari Ilijaš""";43.95009;18.26896
Café;Tranzit Caffe;43.94778;18.26657
Store;Amko Komerc;43.95101;18.27054
Store;Mercator store;43.94705;18.26655
Mosque;Malešići mosque;43.93852;18.2955
Store;Konzum;43.96398;18.26429
Restaurant;Diana restoran;43.96192;18.26394
Restaurant;Tradicije restoran;43.96155;18.26653
Café;Cafe bar Mistik;43.96135;18.26698
NGO;Partner mikrokreditna fondacija;43.9611;18.26407
Café;"Hookah Lounge ""My Place""";43.96051;18.26493
Café;In Caffe;43.95986;18.26529
Bus station;Ilijaš Bus Station;43.95939;18.26499
Café;Antalya caffe;43.958991;18.267
Pharmacy;Apoteke Sarajevo;43.95963;18.26831
Restaurant;Restoran Azzuro;43.9602;18.26754
Historical Site;Spomenik borcima NORa u Alića gaju;43.96113;18.27075
Café;Caffe bar Exodius;43.95871;18.26748
Restaurant;Fontana resoran;43.95749;18.26669
Store;Best doo ;43.95456;18.26439
Bank;Raiffeisen BANK;43.95887;18.26714
Municipality;Municipality of Ilijaš;43.95655;18.26698
Café;Caffe slastičarna Tamar;43.95843;18.26718
Café;Zambak;43.95799;18.26698
Store;Mercator;43.95758;18.26719
Police Station;Ilijaš policija;43.95744;18.26786
Hospital;Dom zdravlja Ilijaš;43.95668;18.26724
Post Office;BH pošta;43.95654;18.26651
Park;Dječiji park;43.95912;18.26683
Sports Center;Sportska dvorana Ilijaš;43.95984;18.26803
Store;Market Han Ilijaš;43.9593;18.26752
Mosque;Džamija Novi Ilijaš;43.96043;18.26795
Historical Site;Spomenik šehidima Općine Ilijaš;43.96048;18.26691
Café;Caffe bar Priča;43.96106;18.26726
Café;"Caffe bar ""BULEVAR""";43.95917;18.26758
Mosque;Džamija Stari Ilijaš;43.94846;18.26492
Restaurant;Leyla Restaurant;43.97088;18.25248
Mosque;Podlugovi Mosque;43.97345;18.25369
Store;Market JABUKA;43.97404;18.24822
Store;Konzum supermarket;43.96405;18.26434
Church;Župa svetog Marka evanđeliste;43.96327;18.26477
Café;Caffe Bar Galaxy;43.97322;18.2479
Restaurant;Vagabundo restoran;43.97289;18.24874
Restaurant;Šabanac restran;43.97222;18.25095
Kindergarden;Vrtić ilijaš;43.961525;18.26597
School;Škola Gornja Bioča;43.91616;18.25665
School;Fondacija LEARN, education;43.94975;18.26976
Kindergarden;Predškolka Behar;43.99307;18.22989
Primary School;Osnovna škola Đulistan;43.99237;18.2295
School;Persian-Bosnian College with Dormitory;43.99147;18.23002
Mosque;Džamija Lješevo;43.98644;18.23727
Mosque;Džamija Vrbovik;43.98732;18.24742
Town Hall;Salkanov Han Ilijaš;43.97815;18.28018
Grocery Store;Store Alma Mrakovo;43.97459;18.27875
Café;Nur kafa Mrakovo;43.97101;18.27687
Historical Site;Bijambare;44.09233;18.50295
Mosque;Džamija Ivančići;44.04539;18.47425
Mosque;Džamija Srednje;44.01161;18.43529
Restaurant;Restoran Hacijenda;43.97653;18.38528
Health Center;Ambulanta Podlugovi;43.97091;18.2547
Health Center;Zavod za hitnu medicinsku pomoć;43.95669;18.2672
Health Insurance Agency;Zavod zdravstvenog osiguranja kantona Sarajevo;43.96024;18.26717
Fire Station;Vatrogasno društvo Ilijaš;43.95817;18.26736
Water Company;Vodostan Ilijaš;43.95945;18.26751
Primary School;Podlugovi Elementary School;43.97303;18.25309
Sports Center;Kulturno sportski centar Ilijaš;43.95972;18.26811
Sports Center;Sportska dvorana Ilijaš;43.96038;18.26838
Sports Center;Gradski stadion Ilijaš;43.94904;18.26486
Primary School;Osnovna škola Srednje;44.00601;18.43885
Mosque;Misoca Mosque;43.95693;18.29367
Mosque;Džamija na gori;43.95453;18.3383
Primary School;O.S. Mehmed  beg Kapetanovic Biberovo Polje;44.77964;18.43365
Store;"Trgovačka radnja ""Jäger""";44.80212;18.40208
Mosque;Džamija Donja Međiđa;44.80318;18.40356
Pharmacy;Apoteka Dur-Farm;44.8024;18.40843
Post Office;BH Pošta;44.80251;18.40908
Café;"Caffe bar ""MC""";44.80272;18.40895
Primary School;Osnovna škola Edhem Mulabdić, Donja Međiđa;44.80261;18.41196
Church;Crkva Turić;44.87942;18.52508
Church;Kapela Liporašće;44.87903;18.4877
Store;Mingos coffee;44.91543;18.43542
Restaurant;Donji Lukavac, Dallas pečenje, restoran;44.84284;18.4474
Mosque;Džamija Donji Lukavac;44.84376;18.4579
Gas station;"Benzinska pumpa ""Mešić Com"", cafe i restoran";44.82364;18.4565
Mosque;Džamija Gornja Međiđa;44.79751;18.33933
Church;Župa sv.Marije Anđeoske;44.91219;18.4972
Café;Bolero caffe bar;44.92402;18.50705
Church;Crkva Sv.Ivana Krstitelja, Donja Tramošnica;44.9328;18.5177
Church;Храм Св.Апостола и Јеванђелиста Марка, Donje Krečane, Gradačac;44.87544;18.35466
Mosque;Džamija Gornji Lukavac;44.85485;18.41626
Mosque;Toke-Čuste DŽamija;44.83321;18.43634
Café;Caffe Point;44.86075;18.43123
Store;Euro Profi, grocery store;44.87578;18.40913
Primary School;O.Š. Hasan Kikić, Vida, Gradačac;44.87484;18.40732
Restaurant;Restoran Jezero Hazna;44.88081;18.41484
Primary School;O.Š. Ivan Goran Kovačić Gradačac;44.87833;18.42299
Church;Crkva Sv. Marka Evanđeliste;44.88192;18.41923
Bus station;Autobuska stanica;44.8845;18.41793
Restaurant;In Crode Restoran;44.88532;18.41577
Restaurant;Aut restoran;44.88732;18.41362
Stadium;Stadion Banja Ilidža;44.88723;18.41249
Medical Spa;Banja Ilidža, Medical Spa, bolnica;44.88314;18.41372
Store;Jasmin Haseljic, grocery store;44.87279;18.42747
Pharmacy;Apoteka Gradačac;44.87536;18.42822
Pharmacy;Ibn Sina, apoteka;44.87614;18.428
Radio;Radio Gradacac;44.87702;18.42656
Mosque;Husejnija džamija;44.87763;18.42648
Historical Site;Stari grad Gradačac sa Gradaščevića kulom, historijsko područje;44.87775;18.42493
Park;Gradski park;44.878;18.42497
Restaurant;Condor City, restoran;44.87846;18.42361
Movie theather;Kino Gradačac;44.87835;18.42371
Movie theather;Cinema - Bar & Cafe;44.87847;18.42372
Café;City Caffe Gradacac;44.87866;18.42333
Café;Bambi, cafe;44.87871;18.4235
Bank;Sparkasse Bank;44.87891;18.42418
Restaurant;Konoba Puls, restoran;44.87902;18.42355
Police Station;Policijska stanica Gradačac;44.87863;18.42271
Passport Office;Ministarstvo unutrašnjih poslova Tuzlanskog kantona;44.87881;18.42253
Municipality;Municipality of Gradačac;44.87905;18.42505
NGO;Crveni križ;44.87941;18.4233
Bank;Sberbank;44.8792;18.42541
Café;Imperial, cafe;44.87916;18.42571
Store;"Supermarket ""Mešić Com""";44.87903;18.42632
Bank;UniCredit Bank;44.87832;18.42754
Court;Municipal Court in Gradačac;44.87835;18.42707
Bank;Gradačac NLB Bank;44.87851;18.42673
Tax Office;Porezna uprava Federacije Bosne i Hercegovine;44.87815;18.4278
Telecom;BH Telecom;44.87781;18.42822
Post Office;BH Pošta;44.87772;18.42847
Store;KONZUM;44.8779;18.42741
Mosque;Husejnija džamija;44.87764;18.42648
Mosque;Reuf-begova džamija;44.87737;18.42936
Fire Station;Dobrovljno Vatrogasno Društvo Gradačac;44.87755;18.4301
CSW;Centar za socijalni rad;44.87698;18.42982
Utility Company - Electricity;Elektroprivreda BiH;44.87721;18.43103
Primary School;Osnovna škola Dr. Safvet-beg Bašagić;44.87756;18.43256
Mosque;Džamija Bukvara;44.87658;18.43314
Store;Delux Euro Profi „Egar“ Bukva, grocery store;44.87574;18.435
Mosque;Džamija Krčevina;44.86825;18.45374
Mosque;Džamija Alibašići;44.86316;18.47752
Pharmacy;EnaPharm;44.86697;18.47457
Store;Belamionix;44.8672;18.47679
Café;Cerol, cafe;44.867;18.47254
Café;"Caffe bar ""Divan - Wien""";44.8796;18.42123
Bank;Raiffeisen BANK;44.87957;18.42139
Café;The Club;44.87958;18.42081
Café;UNO, cafe;44.88004;18.42049
Health Center;Dom zdravlja Gradačac;44.87576;18.42925
Kindergarden;Vrtić Kolibri;44.87638;18.42853
Library;"Biblioteka ""Alija Isaković""";44.87709;18.42648
Mosque;Sviračka Džamija;44.87559;18.42248
Sports Center;Sportska dvorana Skenderija;44.87848;18.4213
Cultural Center;Dom kulture Hrgovi Donji;44.79761;18.51534
Hotel;Sumski Raj;44.79757;18.51425
Church;Kirche Hrgovi Donji, katolička crkva;44.8006;18.52073
Café;"Caffe bar ""Zagreb""";44.78727;18.51565
Mosque;Džamija Jasenica;44.8436;18.34458
Mosque;Džamija Jelovče Selo;44.82338;18.43115
Store;"Minimarket ""Mešić Com""";44.82453;18.4281
Primary School;Osnovna škola Musa Ćazim Ćatić;44.82798;18.39428
Pharmacy;Apoteka Dur-Farm;44.82833;18.39572
Café;kaffe bar bonus;44.8279;18.39705
Café;Caffe bar Ideal;44.82841;18.39783
Café;Caffe Castelo;44.82846;18.39821
Store;Belamionix;44.80949;18.44807
Mosque;Džamija Kamberi;44.86004;18.50183
Mosque;Džamija Novalići;44.87611;18.36833
Store;"Trgovina ""Golex"" Rajska";44.85843;18.3761
Hotel;Gradacac Planinarski dom;44.84766;18.33407
Mosque;Džamija Srnice;44.78139;18.45799
Post Office;BH Pošta;44.7916;18.47439
Primary School;Osnovna škola Mehmed beg Kapetanović Ljubušak, sirnice donje;44.79222;18.47466
Mosque;Donji Džemat Vuckovci;44.80422;18.48914
Mosque;Džamija Vučkovci;44.8084;18.49341
Café;"Caffe bar ""Friends""";44.80883;18.49193
Mosque;Džamija Zelinja Srednja;44.82159;18.36514
Sports Center;Gimnazija „Mustafa Novalić”;44.88592;18.41751
High School;"JU Mješovita srednja škola ""Hasan Kikić""";44.8857;18.41874
Church;Crkva Svetog Marka Evanđeliste;44.88171;18.41923
Church;Crkva Svetog Ilije Proroka;44.88233;18.41995
Primary School;Stara Crvena Skola;44.87706;18.42539
Sports Center;Skoly Tereni Sportski;44.87844;18.42335
Primary School;Osnovna škola Hamdija Kreševljaković;44.86043;18.48814
Stadium;Vučkovci stadion;44.80347;18.49856
Stadium;Donja Međiđa, stadion;44.80233;18.4121
Stadium;Sibovac stadion;44.90312;18.46039
Stadium;Kerep, stadion;44.81134;18.46142
Pharmacy;"Apoteka ""Linea"" Gradačac";44.87551;18.42821
Pharmacy;"PZU Apoteka ""Adonis"" Lukavac";44.536437;18.52837
Municipality;Град Бијељина, gradska uprava - Municipality;44.757479;19.218181
Court;Okružni sud - Court;44.756578;19.216551
Court;Основни суд - Court;44.756526;19.2165
Fire Station;Teritorijalna vatrogasna jedinica, Мајевичка 99 - Firebrigade;44.759813;19.216595
NGO;Agencija za razvoj malih i srednjih preduzeća - City Agency for SME development;44.758387;19.221208
NGO;Agrarni fond - Agriculture fund;44.761908;19.211849
Government Office;Vode Srpske ;44.762114;19.211642
Government Office;"""Institut za vode"" d.o.o. Bijeljina";44.762171;19.211752
Government Office;Zavod za vodoprivredu d.o.o.;44.762111;19.211758
Utility Company - Water;"A.D. ""Vodovod i kanalizacija"" - Public utility, water-waste water";44.751132;19.228069
Cemetery;"JKP ""Gradsko groblje"" d.o.o. - City cemetery ";44.756073;19.213683
Health Center;Дом Здравља - Health centre;44.752397;19.220445
Health Center;Dom Zdravlja Bijeljina, Ambulanta Majevička - Ambulance Majevička;44.760226;19.217426
Health Center;Dom zdravlja Bijeljina - Health centre;44.752488;19.221396
Hospital;"Болница ""Свети Врачеви"" - Hospital";44.750709;19.222121
Veterinary;Veterinarska ambulanta Nutritio - Veterinary ambulance;44.754603;19.213916
Veterinary;Ветеринарска станица - Veterinary station;44.76553;19.225666
Training;Испитни центар Бијељина;44.756873;19.219028
TV Station;"Semberske Novine, RTRS Studio BIJELJINA, JIP ""Semberija i Majevica""";44.756855;19.21885
Radio;Radio Daš;44.761106;19.210359
Radio;Radio televizija BN - TV;44.755823;19.197986
Radio;Bobar radio;44.747972;19.205816
TV Station;НТВ Арена, televizijska stanica - TV;44.756124;19.211012
Museum;Музеј Семберије - Museum;44.756969;19.217966
Cultural Center;Центар за културу Семберија - Culture centre;44.756759;19.217463
Movie theather;Градски биоскоп Центар - Cinema (operational?);44.756175;19.220857
CSW;Centar za socijalni rad - CSW;44.75404;19.220172
Police Station;Полицијска станица Бијељина - Police;44.756486;19.205078
Mosque;Atik (stara) sultan Sulejmanova džamija - Mosque;44.756746;19.217036
Mosque;Džamija Ahmed-age Krpića - Mosque;44.752049;19.218944
Mosque;Salihbegovića Džamija - Mosque;44.760408;19.217715
Mosque;Dašnica džamija - Mosque;44.760427;19.212743
Mosque;Džamija Janja - Mosque;44.66631;19.234965
Mosque;Džedid džamija, Janja - Mosque;44.665528;19.243833
Mosque;Atik džamija, Janja - Mosque;44.667033;19.246906
Church;Манастир Свет+B35:B65ог Василија Острошког - Monastery;44.755718;19.218051
Church;Манастир Свете Петке  - Monastery;44.77463;19.236049
Church;Manastir Sv.Petke  - Monastery;44.774072;19.23605
Church;Саборни храм Рођења Пресвете Богородице - Church;44.760877;19.225798
Church;Црква Пречистог Срца Маријина - Church;44.759286;19.22295
Church;Храм Светог Георгија - Church;44.757854;19.213995
Church;The Orthodox Church of the Holy Apostles Peter and Paul. - Church;44.743962;19.212123
Church;Св. Архиђакон Стефан - Church;44.73805;19.21822
Church;St. Pantaleon Church - Church;44.758082;19.192997
Church;Храм Св. Великомученика Пантелејмона - Church;44.758287;19.192817
Church;Црква Свете Великомученице Марине - Church;44.709676;19.23201
Church;Hram Svetog Ilije, Janja - Church;44.670565;19.244324
Church;Црква Св. пророка Илије - Church;44.670591;19.244195
Church;Crkva Pravoslavna - Church;44.856707;19.144936
Church;Srpska pravoslavna crkva Svete Velikomučenice Nedelje - Church;44.734448;19.168669
Church;Храм Вазнесења Господњег - Church;44.732761;19.194586
Church;Црква Васкрсења Господњег - Church;44.725961;19.228057
Church;The Serbian Orthodox Church of the Holy Trinity - Church;44.743873;19.270197
Church;Св. Јоаким и Ана - Church;44.721988;19.2036
Church;Evangelisticka crkva, Novo Selo (Franz Josefsfeld) - Church;44.771148;19.253661
Church;Crkva Svetog Jovana Krstitelja - Church;44.790891;19.245105
Church;The Orthodox Church of St Evangelist Mark. - Church;44.802286;19.171062
Church;The Orthodox Church of Saint Sava, First Archbishop of Serbia. - Church;44.831502;19.21227
Church;The Orthodox Church of the Ascension of Our Lord/Црква Вазнесења Господњег у Попучкама - Church;44.692374;19.09554
Church;Manastir Časnoga krsta - Monastery;44.684135;19.08334
Church;Манастир Светог Оца Николе - Monastery;44.784558;19.277839
Church;Св. Ап. и Јев. Марко - Church;44.790885;19.264543
Church;Crkva Svetog velikomučenika Prokopija - Church;44.803643;19.258039
Church;Св. Марија Магдалина - Church;44.819685;19.247362
Church;Hrišćanska adventistička crkva - Church;44.829914;19.286777
Church;Tavna Monastery, Banjica - Monastery;44.614096;19.106348
Utility Company - Waste;Комуналац - Public utility - waste;44.756087;19.215461
Stadium;Градски стадион - Cit y stadium;44.754414;19.225025
Stadium;Stadion Ljeskovac - Stadium;44.710867;19.232476
Stadium;Zenit Arena - OFK ZENIT - Stadium;44.76928;19.248433
Kindergarden;"Vrtić ""Bajka""; Tiršova 8, Bijeljina - Kindergarten";44.75657;19.227077
Kindergarden;"JU Dječiji vrtić ""Čika Jova Zmaj"" Bijeljina - Kindergarten";44.765491;19.229484
Kindergarden;"Dječiji vrtić ""Čika Jova Zmaj"" Bijeljina - Kindergarten";44.756557;19.220653
Kindergarden;Vrtic 'Čika Jova Zmaj', Janja - Kindergarten;44.654608;19.214231
Kindergarden;Dječiji vrtić Dragan i Zoran - Kindergarten;44.757144;19.205013
Kindergarden;"Vrtic ""Štrumpfograd"" - Kindergarten";44.764862;19.158666
Kindergarden;Вртић Бубамара - Kindergarten;44.76216;19.215105
Kindergarden;Петар Пан - Kindergarten;44.761441;19.223317
Kindergarden;Vrtić Ciciban - Kindergarten;44.762463;19.214429
Kindergarden;Dječiji vrtić Ciciban - Kindergarten;44.76479;19.212371
Primary School;Osnovna škola Knez Ivo od Semberije (Bijeljina-Koviljuše) - Primary  school, with school playground;44.768056;19.194879
Primary School;Osnovna škola Jovan Dučić (Patkovača)  - Primary  school;44.725904;19.226711
Primary School;Jovan Dučić Elementary School, Bijeljina - Primary school (Central);44.747213;19.221418
Primary School;"Основна школа ""Свети Сава"", Bijeljina, Svetog Save 26  - Primary  school (Central)";44.757994;19.213055
Primary School;OŠ Sveti Sava - Batković  - Primary  school (Regional);44.832544;19.211686
Primary School;Osnovna škola Sveti Sava (Crnjelovo Gornje)  - Primary  school;44.841733;19.125239
Primary School;Vuk Karadžić , Bijeljina - Primary  school (Central);44.758923;19.223384
Primary School;Osnovna škola Vuk Karadžić (Amajlije)  - Primary  school;44.742388;19.273994
Cultural Center;"Društveni centar ""Vuk Karadžić"", Vojvode Petra Bojovića, Bijeljina 76300 - Community centre ";44.743527;19.211511
Primary School;Основна школа Кнез Иво од Семберије, Neznanih junaka 46, Bijeljina 76300  - Primary  school (Central);44.75779;19.205057
Primary School;Osnovna škola Meša Selimović, Janja  - Primary  school (Central?);44.662988;19.248613
Primary School;Osnovna skola 'Mesa Selimovic'  - Primary  school (Regional);44.65368;19.214124
Primary School;Osnovna škola Meša Selimović (Glogovac)  - Primary  school (Regional);44.694398;19.213395
Primary School;Osnovna škola Meša Selimović (Modran)? - Primary  school (Regional);44.674493;19.181577
Primary School;Osnovna škola Petar Petrović Njegoš, Velika Obarska  - Primary  school (Central?);44.801048;19.170378
Primary School;Osnovna škola Dvorovi  - Primary  school (Central?);44.805346;19.258618
Primary School;"OSNOVNA ŠKOLA ""Stevan Nemanja"" (Dragaljevac Gornji)  - Primary  school (Central)";44.764636;19.033743
Primary School;"Osnovna Škola ""Stevan Nemanja"" (Dragaljevac Donji)  - Primary  school (Regional)";44.810948;19.065539
Primary School;"Područna škola ""Stevan Nemanja"" (Čađavica Gornja)  - Primary  school (Regional)";44.724316;19.02555
Primary School;"Osnovna Škola ""Stevan Nemanja"" (Magnojević Srednji)  - Primary  school (Regional)";44.796372;19.01432
Primary School;"JU OSNOVNA ŠKOLA ""DOSITEJ OBRADOVIĆ"" (Suho Polje)  - Primary  school (Central)";44.69187;19.097315
Primary School;Osnovna škola Petar Kočić (Međaši)  - Primary  school;44.825193;19.304783
Sports Center;Fiskulturna sala -  Gym hall, Closed ;44.758249;19.212387
Church;Jehovini svjedoci - Dvorana Bijeljina - Jehova's Witnesees, Hall Bijeljina;44.753267;19.209345
Secondary School;Гимназија Филип Вишњић - Secondary school;44.770007;19.226202
Secondary School;Ekonomska škola Bijeljina - Secondary school;44.77041;19.226399
Secondary School;Пољопривредна и медицинска школа - Secondary school;44.774379;19.222727
Secondary School;Техничка школа Михајло Пупин - Secondary school;44.770913;19.226199
Church;Manastir Svete Petke, Pet Jezera Bijeljina - Monastery ;44.77403;19.236225
Secondary School;Музичка школа Стеван Стојановић Мокрањац - Secondary school;44.757363;19.218829
Higher Education Institution;Универзитет Бијељина, Висока школа-Колеџ здравствене његе - Faculty;44.785453;19.271403
Higher Education Institution;Univerzitet Za Poslovne i Finansijske Studije - Faculty;44.755874;19.215062
Higher Education Institution;Слобомир П Универзитет - Faculty;44.778627;19.318686
Higher Education Institution;Факултет пословне економије - Faculty;44.775912;19.224383
Higher Education Institution;Пољопривредни факултет - Faculty;44.775821;19.223789
Higher Education Institution;Педагошки факултет - Faculty;44.775461;19.223957
Higher Education Institution;Правни факултет - Faculty;44.775256;19.224351
Higher Education Institution;Sinergija, privatni univerzitet - Faculty;44.768771;19.205901
Higher Education Institution;Panevropski univerzitet Apeiron Bijeljina - Faculty;44.763199;19.211213
Center for Education;Centar za obrazovanje odraslih - Centre for education of adults;44.757439;19.213909
Recreation;Hipodrom Obrijež - Hyppodrome;44.737501;19.186004
Post Office;Pošte Srpske - Post;44.758021;19.216775
Post Office;EuroExpress;44.75578;19.216384
Post Office;Euro Express Kiosk;44.755648;19.216459
Post Office;Poštanski centar;44.768292;19.21571
Post Office;Pošte Srpske - Post;44.808445;19.26301
Post Office;Posta - Post;44.801267;19.170645
Bank;Nova Banka - Bank;44.737117;19.203014
Bank;Шпаркасе банка - Bank;44.755371;19.211824
Exchange Office;Mjenjačnica - exchange office;44.755636;19.212307
Bank;UniCredit Bank;44.757259;19.212695
Bank;Intesa Sanpaolo Banka;44.756923;19.214403
Bank;Адико банка - Bank;44.757032;19.215314
Bank;Сбербанк - Bank;44.757186;19.21562
Bank;Nova Banka;44.762319;19.207453
Bank;Sberbank a.d. Banja Luka;44.756244;19.215466
Bank;Нова банка - Bank;44.755919;19.216266
Bank;Nova Banka - Bank;44.755766;19.21871
Bank;Нова банка - Bank;44.755885;19.2186
Bank;УниКредит банка - Bank;44.756271;19.218445
Bank;Комерцијална банка - Bank;44.756599;19.2182
Bank;НЛБ банка - Bank;44.756689;19.218086
Bank;Komercijalna banka AD Banja Luka;44.756828;19.217944
Bank;Pavlović International Bank;44.757303;19.218603
Bank;Рајфајзен банка - Bank;44.757744;19.220267
Bank;Рајфајзен банка - Bank;44.760038;19.21879
Insurance Agency;Wiener osiguranje VIG - Insurace company;44.757576;19.211349
Insurance Agency;Нешковић, osiguravajuće društvo - Insurace company;44.762286;19.207436
Insurance Agency;SAS Super P;44.760188;19.222695
Insurance Agency;Brčko-gas osiguranje - Insurace company;44.751922;19.207836
Insurance Agency;Garant osiguranje - Insurace company;44.748293;19.205871
Pharmacy;Apoteka Galena - Pharmacy;44.724275;19.227795
Pharmacy;Poljoprivredna apoteka Tim Agrar P.J. Patkovača;44.729734;19.224423
Pharmacy;Tim Agrar d.o.o Poljoprivredna apoteka;44.744601;19.199838
Pharmacy;apoteka B Pharm 53 - Pharmacy;44.753336;19.218164
Pharmacy;Апотека Хигија-Лек - Pharmacy;44.753592;19.217925
Pharmacy;Апотека Галена - Pharmacy;44.754641;19.217042
Pharmacy;Моја апотека - Pharmacy;44.755295;19.216856
Pharmacy;B Pharm - Pharmacy;44.75643;19.213434
Pharmacy;Apoteka B Pharm 46 - Pharmacy;44.757301;19.215038
Pharmacy;LDFARM DOO - Pharmacy;44.755376;19.210183
Pharmacy;"Apoteka ""Majevica"" - Pharmacy";44.757888;19.216929
Pharmacy;Apoteka Rosić - Pharmacy;44.757964;19.21957
Pharmacy;Apoteka Rosić - Pharmacy;44.761002;19.223908
Pharmacy;Agrim Poljoprivredna Apoteka - Agricuture supplies;44.766849;19.165446
Pharmacy;"Doo ""Božić"" Poljoprivredna apoteka - Agricuture supplies";44.767876;19.168029
Pharmacy;Herba Komerc doo;44.788859;19.241752
Pharmacy;Хигија-Лек;44.79824;19.251481
Library;Народна библиотека Филип Вишњић -City  Library ;44.757802;19.216567
Gas station;Нешковић, benzinska pumpa - Filling station;44.736455;19.221764
Gas station;Bijeljina put, pumpa - Filling station;44.737276;19.203004
Gas station;BP Petrić - Filling station;44.741838;19.188408
Gas station;Nestro - Filling station;44.739606;19.180746
Gas station;EURO - Filling station;44.733908;19.170144
Gas station;Euro Petrol Oil;44.747856;19.205292
Gas station;Despozovic doo;44.750034;19.213737
Gas station;Драгстес;44.767807;19.166611
Gas station;Петрол Агротехника - Filling station;44.760039;19.188731
Gas station;Gazprom - Filling station;44.758456;19.197603
Gas station;Monaco;44.758881;19.198557
Gas station;Деспотовић;44.761052;19.206405
Gas station;Нестро - Filling station;44.761422;19.20599
Car Shop;Car Wash;44.761659;19.205968
Car Shop;Intergaj;44.762404;19.201024
Gas station;НИС Петрол - Filling station;44.762592;19.207347
Gas station;Нешковић доо - Filling station;44.76634;19.214809
Gas station;Нестро - Filling station;44.768857;19.225542
Gas station;4. април-Трифковић;44.781086;19.233022
Gas station;Нешковић - Filling station;44.78465;19.237526
Gas station;Петрол - Filling station;44.791032;19.243545
Gas station;НИС Петрол - Filling station;44.781118;19.294287
Car Shop;Auto Servis Bagzi;44.782857;19.233184
Store;МДМ-Станком, prodavnica;44.782087;19.234103
Wedding Palace;Ексклузив, salon za vjenčanja;44.780654;19.232058
Wedding Palace;Svadbeni Salon Milenijum;44.78053;19.231866
Store;Medicom, shop;44.781223;19.231018
Car Shop;Auspuh Servis Xenon Carbon Garage;44.776195;19.227722
Car Shop;"Amortizer Servis,,Boki""";44.77567;19.227199
Café;Кафе бар МБ-Спорт-балон сала;44.775004;19.225205
Store;Ambyent, prodavnica namještaja - shop furniture;44.773625;19.225759
Store;Jovanović-Komerc D.O.O. Auto dijelovi - shop car parts;44.773507;19.225736
Store;Energy Net, shop;44.773345;19.2256
Restaurant;Grill Bole;44.773395;19.224868
Store;ZONA telekomunikacije;44.772089;19.225812
Café;Fabrika Burger;44.770359;19.22512
Café;"Caffe Bar ""Optima Motorsport""";44.769929;19.224353
Café;Kafe Bar Djokic;44.769376;19.22548
Café;"Caffe Bar ""ŠNJURA""";44.769255;19.225244
Bakery;Moja pekara - Bakery;44.768939;19.227218
Store;Auto Skola Srecko;44.768571;19.225765
Store;BALKAN MUSIC, shop;44.76854;19.225628
Car Shop;"Automehaničarska radnja ""AUTO SERVIS“";44.767;19.226704
Café;Cafe Bar Cosmos;44.766151;19.225219
Café;Аполон кафе - Cafe;44.764116;19.225211
Bakery;Пекара Бијељанка - Bakery;44.762317;19.2251
Hairdresser;Frizerski salon CARVALHO - Hairdresser;44.762007;19.225457
Café;Мондо, caffe;44.761398;19.22543
Store;Butik Neca;44.761471;19.225047
Store;"Козметички студио ""Слађана""";44.761253;19.224751
Store;"Second Hand Shop ""Family""";44.761171;19.224546
Hairdresser;"Фризерски салон ""Владо"" - Hairdresser";44.761121;19.224581
Store;KNJIŽARA TALIJA - Bookstore;44.761079;19.22444
Hairdresser;Frizerski salon Goca R - Hairdresser;44.761042;19.224343
Store;Венатио Лов и риболов;44.760935;19.224884
Café;Caffe Bar CODE;44.760875;19.224533
Bakery;Buregdžinica 5+;44.761057;19.224141
Bakery;MAMASITA palacinka bar;44.760979;19.224042
Car Shop;Autoservis DJUKANOVIC - Car service;44.760224;19.2232
Hairdresser;Frizersko - kozmetički studio Jelena - Hairdresser ;44.760212;19.222851
Café;"Caffe Pizzeria ""Priča""";44.76043;19.222833
Restaurant;Soho;44.760379;19.222665
Store;PSC, shop;44.760214;19.222655
Store;Shop & Go;44.760138;19.222403
Café;Penny gastro pub;44.760213;19.22208
Café;Penny Gastro Pub;44.759838;19.222098
Restaurant;"Ћевабџиница ""Дедић""";44.759695;19.222098
Bakery;Мамина кућа колача;44.759364;19.222095
Restaurant;Чикаго кафе&лаунџ бар;44.759485;19.22134
Store;BG ELEKTRONIK, shop;44.7593;19.221096
Store;Чарли, shop;44.75945;19.220776
Restaurant;Роштиљница Вук - Grill;44.758886;19.220693
Café;Кафе бар Санрајз - Cafe;44.758856;19.220402
Café;Њамби, fast food;44.758519;19.220211
Café;Aj Vam Caffe;44.758531;19.220146
Café;Piboka Kafeterija;44.758478;19.220236
Store;Butik Haotic;44.758296;19.219791
Store;Хепи Тревл, travel agency;44.75828;19.219639
Store;Maslačak Bijeljina, shop;44.758323;19.219603
Transportation;Семберија Транспорт - Transport company;44.75778;19.219933
Store;Бост, shop;44.757655;19.220136
Store;Mobilna klinika, shop;44.757759;19.219458
Store;Fablady, shop;44.757798;19.219172
Store;Trend Line Bijeljina, shop;44.757687;19.219086
Café;Голф Бијељина, caffe;44.757797;19.218881
Restaurant;Just Juice;44.757844;19.218844
Store;Uno Beso Moda, shop;44.757826;19.218467
Bakery;Бодакско, bakery;44.757856;19.218283
Bakery;Пејстри ен' Ко, sweets shop;44.757767;19.217675
Restaurant;Локал Лаунџ;44.757707;19.217257
Park;Шаховски парк - Chess park;44.757484;19.217041
Store;Kassker On Line, mall;44.757436;19.21627
Store;Kassker Butik;44.757409;19.216177
Store;Butik Konstantin Camicie;44.757358;19.21605
Store;BEBA KIDS BIJELJINA;44.757296;19.21612
Store;Обућа Наташа - shoe shop;44.757258;19.216056
Restaurant;Станлио и Олио, restaurant;44.757368;19.215677
Store;M.T. Fashion, shop;44.757269;19.215511
Store;Fama;44.757353;19.215453
Store;E-Feel doo // MyCase BIJELJINA TC EMPORIUM RETAIL SHOP;44.757487;19.215388
Store;DEXY CO KIDS;44.757239;19.215285
Store;dm, cosmetic;44.757256;19.215317
Store;Емпориум, mall;44.757462;19.215224
Store;Lisca moda;44.75752;19.215064
Store;Sport Vision, shop;44.757355;19.21508
Store;MojShop 4 - Mojic DOO;44.757223;19.215119
Store;Omcafé coffee shop;44.757074;19.215275
Store;BOZIC KONIG d.o.o, transport;44.756897;19.214473
Store;CARMEN LINE, shop;44.756822;19.214451
Store;N Sport, shop;44.756573;19.214324
Store;Str Pet Shop;44.756532;19.214207
Store;American butic, shop;44.756342;19.214199
Restaurant;Либертас, restaurant;44.75624;19.213989
Store;TR Pcelica, shop;44.756318;19.213712
Park;Gradski Park - City Park;44.754695;19.220105
Restaurant;Restoran Pet jezera, Kralja Dragutina, Bijeljina 76300;44.771483;19.237256
Gas station;Krstić-ž D.o.o., Velika Obarska - Gas station;44.798826;19.173962
Hotel;Ranč Janković, Batković - Lodging;44.801155;19.226383
Medical Spa;Banja Dvorovi - Spa;44.80626;19.262514
Park;Park Lipice, Međaši;44.825912;19.305602
Stadium;"Fudbalski klub ""Kolektiv"",  Međaši";44.823422;19.301252
Store;Eko Market, Dvorovi - Shopping mall;44.796286;19.247699
Store;FIS, Gojsovac - Shopping mall;44.782666;19.238752
Store;Tropik, Gojsovac - Shopping mall;44.782671;19.239851
Bank;Pavlovic Banka, Salter Dvorovi;44.808739;19.26309
Recreation;Proleter, Dvorovi - Soccer Club and playground;44.809764;19.263918
Hotel;Stanišići Ethno Village,  Pavlovića put 32, Dvorovi ;44.784365;19.278837
Store;STECO CENTAR, Kojčinovac 132, Bijeljina 76300 - Prefabricated houses company;44.682396;19.237336
Store;Metalogradnja d.o.o., Kojčinovac bb, Bijeljina 76300 - Windows supplier;44.685638;19.240232
Store;AB Klas Doo - Home goods store;44.688002;19.23931
Store;S-papier - Comercial printer;44.692853;19.238838
Restaurant;Čiča-Momina Koliba, Amajlije - Restaurant;44.731044;19.294216
Store;Zelena pijaca - Farmers/Vegetable market, Janja;44.667113;19.246207
Store;Robna kuća Janjarka - Department store, Janja;44.667809;19.247348
Bank;Pavlović International Bank, Karađorđeva, Janja;44.668879;19.246623
Store;Diskoteka Bosna;44.668656;19.247085
Store;Marmix d.o.o, shop - agriculture?;44.668226;19.247021
Bank;Raiffeisen Bankomat, ATM, Bijeljinska, Janja;44.668185;19.247199
NGO;EKI, Microcredit organisation?;44.667987;19.247351
Restaurant;Restoran Lovac, Janja - Restaurant;44.667732;19.247111
Bakery;Pekara Čarsija, Bijeljinska, Janja - Bakery;44.667409;19.247376
Bakery;Pekara Kifla, Bijeljinska, Janja - Bakery;44.667354;19.247316
Café;Café Bar Obala, Janja;44.666835;19.246269
Café;Cafee&Shisha Bar Art 2 JANJA;44.666899;19.24613
Café;Slasticarna San Siro, Janja;44.66773;19.24659
Café;Caffe Bar Star, Janja;44.667385;19.246365
Café;"Bazar, cafe; Janja";44.667241;19.245788
Restaurant;"Eko Kamp, Kod Leške"", Janja";44.64546;19.251435
Restaurant;Eko Kamp, Janja - Restaurant;44.646194;19.251601
Restaurant;"S.U.R. ""Durgut M.M."", Lešnička, 11th, Janja - Restaurant";44.653342;19.253028
Gas station;Nestro - Gas station;44.65288;19.242551
Café;"Caffe Bar Romansa; Bijeljinska, Janja";44.658398;19.248342
Car Shop;MAN Truck Service Burić, Karađorđeva 184, Janja 76316;44.658995;19.245614
Car Shop;"DAS, Auto dent removal service; Janja";44.659331;19.246199
Café;Cafe bar 'BAD';44.654605;19.219907
Hotel;Krčma KASINA - Inn;44.655084;19.218059
Store;STR Mesara vl. Kretija S. - Butchers;44.654818;19.217781
Store;Poljoprivredna Apoteka - Agriculture supplies shop;44.655481;19.21466
Store;Market 'Jovanovic ' - Shop;44.655466;19.214824
Café;Caffe Bar 'Milos Obilic';44.65448;19.214239
Store;"TR""MiS"" - Shop";44.655524;19.209438
Restaurant;Kafana 'Idu dani', Janja;44.65558;19.208542
Bakery;Pekara Podrinje, Bijeljinska 208, Janja - Bakery;44.665283;19.247358
Store;Savi Mix - Animal feed shop;44.663719;19.249488
Store;Bingo - Supermarket Karađođeva, Bijeljinska 201, Janja;44.663984;19.249249
Pharmacy;Prima Pharm - Pharmacy;44.664001;19.24885
Store;Fructa Janja - Grocery store;44.66408;19.248661
Recreation;Fudbalski klub Podrinje - Football club;44.665538;19.248905
Hotel;Gruhonjica Ada - Lodging;44.665301;19.262533
Restaurant;Exit - Night club;44.665153;19.248901
Store;KORT Supermarket;44.665329;19.247555
Store;Jovanovic-Komerc Auto Dijelovi Janja - Shop, car parts;44.668864;19.245602
Gas station;NIS Petrol;44.668852;19.244938
Car Shop;"Auto Servis ""Mehanika""";44.670214;19.243368
Store;DOO Simex - Building material store;44.671689;19.240836
Gas station;Petrić - Filling station;44.672265;19.240468
Store;DARPROM D.O.O. Janja - Hardware store;44.672921;19.239524
Store;Energoterm - Shop;44.673525;19.238516
Gas station;Nešković - Filling station;44.67631;19.238237
Café;"Kafe Bar ""3D""";44.678078;19.238784
Gas station;CSP - Gas station;44.679015;19.23836
Car Shop;Autoservis PEJČIĆ, Suho Polje - Car service;44.696115;19.108888
Car Shop;Auto Servis Jovanovic, Suvo Polje 64, Bijeljina 76321 - Auto repair shop;44.696143;19.114116
Store;JOVANOVIC KOMERC, Suho Polje - Supermarket;44.69387;19.132291
Store;S.T.R TERAZIJE,  Suho Polje - Supermarket;44.692438;19.097364
Gas station;Nešković Filling station;44.69259;19.09532
Factory;Žitopromet Mlin, R459a, Crnjelovo Donje - Flour mill;44.854528;19.151545
Stadium;Crnjelovo Donje, Igraliste FK.Zadrugar - Football field;44.855935;19.147017
Store;Albo Radnja Br 3, Crnjelovo Donje - Home goods store;44.853236;19.141118
Car Shop;NOLE, Crnjelovo Donje - Car wash;44.849532;19.134732
Store;Golić Trade, Crnjelovo Gornje, Farmers market - shop?;44.847821;19.131404
Store;Seka Tr., Crnjelovo Gornje - Home goods store/Grocery store;44.846156;19.131079
Recreation;Sunčana Dolina - Public swiming pool - Closed?;44.845802;19.131664
Hairdresser;Frizerski Salon Milica, Crnjelovo Gornje - Hairdressers;44.844872;19.129973
Store;Kopen Kafe Bar i Autopraonica i Pizzerija - Cafe, carwash, pizza place;44.844218;19.127039
Restaurant;Obelix - Restaurant;44.844431;19.126224
Café;Calypso Kafe Bar;44.844469;19.125857
Pharmacy;Apoteka - Pharmacy;44.844578;19.125221
Store;Supermarket Gornje Crnjelovo;44.843642;19.124713
Recreation;Lovačko Društvo Gornje Crnjelovo - Hunters Association;44.843817;19.124497
Store;Mesara Kod Milenka, Crnjelovo Gornje -  Butcher;44.843262;19.123929
Recreation;PC Igraonica Kauboj, Gornje Crnjelovo- Video games store/playroom;44.842214;19.124411
Store;Tr Centar, Gornje Crnjelovo - Home goods store/Grocery store ;44.841773;19.124402
Gas station;Dragstes doo - Filling station;44.840342;19.124699
Factory;"S.Z.R ""Mlin Vidic"" Otkup mlevenje i prodaja žitarica, Crnjelovo Gornje - Flour Mill";44.842581;19.102656
Factory;"S.Z.R ""Mlin Pavlović"", Gornje Crnjelovo -  Mill";44.837963;19.089443
Municipal Office;Suvo Polje MZ;44.69412175;19.09545505
Post Office;;44.69362029;19.09605681
Health Center;;44.69382087;19.0957225
Cultural Center;;44.69455636;19.09652485
Sports Center;;44.6911464;19.09742748
Pharmacy;;44.69318027;19.09558436
Veterinary;;44.692653;19.09379976
Bus station;;44.69309915;19.09907244
Bus station;;44.69188238;19.09233963
Cultural Center;;44.69674947;19.12275898
Cemetery;;44.69094952;19.09331305
Health Center;;44.66206484;19.24947898
Fire Station;;44.6688732;19.2451617
Police Station;;44.67066275;19.24330663
Stadium;;44.74356181;19.21237299
Stadium;;44.74426978;19.21898857
Stadium;;44.75885981;19.19381052
Stadium;;44.81634898;19.27095744
Tourism Office;Etno Selo;44.7909205;19.26632567
Bus station;;44.80652889;19.26027664
Taxi;;44.80581729;19.2603035
Bus station;;44.75042331;19.22034724
Bus station;;44.70189828;19.11998744
Bus station;;44.67055264;19.24281931
Post Office;;44.67040671;19.24378541
Post Office;;44.72446013;19.22859962
Post Office;;44.72322704;19.22896305
Post Office;;44.76785169;19.22552122
Post Office;;44.82829851;19.28749485
Post Office;;44.85361957;19.28992674
Post Office;;44.85302297;19.31523906
Church;;44.85260392;19.29169385
Post Office;;44.85650493;19.14571626
Health Center;;44.64907827;17.90796851
Post Office;;44.64844671;17.90758142
Health Center;;44.69525235;17.92262128
Medical Spa;;44.63556046;17.91427762
Health Center;;44.6831261;17.95417754
Pharmacy;;44.68199887;17.95346022
Post Office;;44.65415852;17.95793133
Factory;;44.66778401;17.98335859
Health Center;;44.65431877;17.96125719
Pharmacy;;44.65406311;17.96188471
Kindergarden;;44.61491811;17.97808206
Kindergarden;Vesela Druzina;44.60951637;17.98833335
Kindergarden;Palcica;44.60916826;17.98863345
Sports Center;;44.61685985;17.98160235
Post Office;;44.61575432;17.99208457
Heating Station;;44.62552566;17.99956644
Kindergarden;;44.62468577;18.00211011
Pharmacy;;44.57106461;18.01817727
Health Center;;44.63716832;18.01355004
Pharmacy;;44.63620665;18.01194726
Kindergarden;;44.67404656;18.01285704
Health Center;;44.67200199;18.00973004
Pharmacy;;44.67218239;18.00882803
Post Office;;44.6756702;18.01538269
Airport;;44.85442219;17.22393576
Kindergarden;;44.84802179;17.23111319
Bus station;;44.85430572;17.23690651
Health Center;;44.85410788;17.23815176
Municipal Office;;44.85321139;17.23909202
Utility Company - Electricity;;44.85063993;17.24560093
Historical Site;;44.84466627;17.25225082
School;;44.87951741;17.25284515
Kindergarden;;44.87110614;17.27121581
Bus station;;44.87084366;17.27277051
Stadium;;44.87134844;17.27509246
Bus station;;44.87991056;17.28562229
School;;44.8843592;17.28818178
CSW;;44.87139947;17.29377251
Park;;44.94500687;17.24288184
Historical Site;;44.95318353;17.23199041
Kindergarden;;44.89652127;17.29618529
Health Center;;44.89676807;17.29717251
Health Center;;44.90570093;17.2986655
Historical Site;;44.90642506;17.29856835
Heating Station;;44.90650758;17.30417117
Sports Center;;44.90448828;17.30216652
CSW;;44.90909699;17.3070927
Bus station;;44.90903678;17.311581
Utility Company - Electricity;;44.91034496;17.31564784
Bus station;;44.9528272;17.31823312
Kindergarden;;44.95298459;17.31751364
Municipal Office;;44.96637129;17.31760888
Post Office;;44.96650267;17.31712715
Hospital;;44.98445714;17.31531855
Stadium;;44.97670383;17.35621083
Park;;44.97665354;17.36102588
Stadium;;44.97253613;17.39423768
Stadium;;44.95179519;17.37046574
CSW;;44.90971679;17.31582696
Stadium;;44.89742735;17.36900831
Post Office;;44.95063971;17.4225145
Church;;44.95142544;17.42191734
School;;44.95195973;17.42311165
Historical Site;;44.85635;17.41893043
Bus station;;44.81438898;17.4433064
Park;;44.86430133;17.3105109
Bus station;;44.85387577;17.31151001
Utility Company - Electricity;;44.81699537;17.28157998
Municipal Office;;44.81439652;17.27943498
Post Office;;44.81379736;17.27957325
Park;;44.83080145;17.31179705
Health Center;;44.80813738;18.49374897
Pharmacy;;44.80789751;18.493704
Health Center;;44.791348;18.47486227
Health Center;;44.80220867;18.40874029
School;;44.83611842;18.446678
Post Office;;44.86044708;18.48756338
Stadium;;44.86003982;18.48850591
Health Center;;44.86684299;18.47442531
Post Office;;44.87705937;18.43234929
Post Office;;44.87623835;18.42443973
Park;;44.88066082;18.42546445
Mosque;;44.87519145;18.40891513
Post Office;;44.8739243;18.40764799
Park;;44.88650064;18.40615555
Sports Center;;44.90412541;18.4303314
Bus station;;44.86926638;18.4905498
Bus station;;44.86066029;18.47723954
Stadium;;44.84844403;18.47100377
Health Center;;44.84855343;18.46939925
Cultural Center;;44.83262444;18.43672461
Health Center;;44.84079289;18.42544395
Police Station;;44.86312732;18.39576092
Bus station;;44.87088445;18.40293418
Bus station;;44.86517087;18.38487592
Health Center;;44.86579644;18.38508445
Health Center;;44.8679651;18.37620128
Bus station;;44.86771487;18.375534
Bus station;;44.87062985;18.45039769
Government Office;;44.86972446;18.43933028
Cultural Center;;44.87953564;18.42688369
Sports Center;;44.88468214;18.43307337
Bus station;;44.90531994;18.43420917
Training;;44.89742546;18.3963297
Fire Station;;44.89448133;18.40073103
Church;;43.29108794;17.42634866
School;;43.29077207;17.42642386
Primary School;;43.26738598;17.4048177
Primary School;;43.24833023;17.41080899
Primary School;;43.21827832;17.44877065
Primary School;;43.19840294;17.46893676
Primary School;;43.23669845;17.48518163
Church;;43.2369119;17.48545016
Health Center;;43.23689813;17.48584951
Primary School;;43.29148422;17.50944521
Primary School;;43.21520152;17.51876159
Primary School;;43.18809795;17.51964456
Church;;43.18477469;17.52787737
Sports Center;;43.18471018;17.53499645
Elderly Home;;43.17426667;17.54594166
School;;43.17378205;17.54561858
Church;;43.17462205;17.54513397
Kindergarden;;43.19853213;17.54953608
Primary School;;43.22863397;17.53820536
Primary School;;43.20046525;17.61475139
Church;;43.27792256;17.37428216
Post Office;;43.23642449;17.48535183
Post Office;;43.21478855;17.51910534
Post Office;;43.98617366;18.23720998
Kindergarden;;43.98603035;18.23690743
Primary School;;43.98622143;18.23660488
Primary School;;43.97651625;18.23440608
Mosque;;43.97603394;18.23576531
Post Office;;43.97212651;18.25274185
Primary School;;43.97163992;18.25344134
Mosque;;43.93651279;18.25402279
Utility Company - Waste;;43.95978801;18.26317712
Utility Company - Electricity;;43.96292126;18.26525601
Government Office;;43.95843572;18.26734244
Primary School;;43.94832471;18.26545175
Primary School;;43.93832468;18.26642374
Mosque;;43.94086689;18.28662971
Primary School;;43.95670524;18.29337787
Mosque;;43.98609992;18.37147071
Church;;43.97614434;18.38444659
Health Center;;44.01075302;18.43566971
Municipal Office;;44.01042477;18.43580101
Post Office;;44.00985032;18.43612927
Primary School;;44.0096862;18.43589949
Post Office;;44.0553892;18.47797428
Church;;44.05499184;18.47766862
Health Center;;44.09157878;18.46872838
Primary School;;44.09142842;18.46861979
Mosque;;44.0912029;18.46851956
Mosque;;44.06002145;18.50725619
Primary School;;44.0595868;18.50738847
Health Center;;44.05936003;18.50780421
Primary School;;44.06800422;18.51417605
Mosque;;44.02840467;18.56618109
Historical Site;;43.92253137;18.27649931
Historical Site;;43.99474744;18.33783627
Church;;44.0123846;18.39788893
Historical Site;;44.06958957;18.49257868
Park;;44.05906253;18.49335717
Park;;44.08207296;18.51045225
Park;;44.07561985;18.51948095
Primary School;;44.03116586;18.51721167
Church;;44.03102902;18.51615119
Mosque;;44.03037905;18.51683537
Medical Spa;;44.02054952;18.54226756
Mosque;;43.23438451;18.02640064
School;;43.2185978;18.07343238
Bus station;;43.21912668;18.07382375
Church;;43.21880935;18.07388722
Church;;43.29394126;18.09723033
Bus station;;43.29486405;18.09726215
Bus station;;43.34062428;18.10395998
Primary School;;43.3485619;18.11559581
Sports Center;;43.3479305;18.11437811
Church;;43.3468932;18.11446831
Bus station;;43.3723313;18.06949073
Church;;43.37387494;18.06931922
Church;;43.45436232;18.10882775
Mosque;;43.44474134;18.11912281
Sports Center;;43.44320934;18.11936793
Bus station;;43.43695876;18.12169658
Church;;43.45941677;18.16786144
Church;;43.45956661;18.1674119
Primary School;;43.33681175;18.15990504
Bus station;;43.33659882;18.16060771
Church;;43.2614625;18.16227573
Sports Center;;43.26117307;18.16173822
Primary School;;43.14385738;18.16356067
Primary School;;43.18131334;18.1245617
Church;;43.18126666;18.12412601
Bus station;;43.18090877;18.12386148
Church;;43.22988133;18.17794875
Mosque;;43.22976458;18.17732606
Post Office;;43.22939486;18.17765686
Municipal Office;;43.22916135;18.17835739
Bus station;;43.22881109;18.17802659
Primary School;;43.22910298;18.177832
Sports Center;;43.23040673;18.17746228
Primary School;;43.16440935;18.20808456
Municipal Office;;43.16424403;18.20826758
Post Office;;43.16411415;18.20818493
Sports Center;;43.16416138;18.20792515
Bus station;;43.16436211;18.20788382
Church;;43.1643444;18.20763585
Church;;43.12348395;18.27897671
Church;;43.1720721;18.2754493
Bus station;;43.1862891;18.23818281
Primary School;;43.26486894;18.22554746
Sports Center;;43.28304067;18.20665046
Post Office;;43.28253899;18.20665046
Municipal Office;;43.28263189;18.20605587
Bus station;;43.28304067;18.20600012
Primary School;;43.30425164;18.19989796
Mosque;;43.30391778;18.19951274
Sports Center;;43.30404619;18.19923025
Bus station;;43.30445708;18.19919173
Bus station;;43.31874359;18.1747379
Church;;43.23564801;18.27810853
Primary School;;43.41821271;18.13433856